{
    "$schema": "https://schema.management.azure.com/schemas/2019-04-01/deploymentTemplate.json#",
    "contentVersion": "1.0.0.0",
    "parameters": {
        "networkSecurityGroups_NSG_172161024_ACADEMIA4MS_name": {
            "defaultValue": "NSG-172161024-ACADEMIA4MS",
            "type": "String"
        }
    },
    "variables": {},
    "resources": [
        {
            "type": "Microsoft.Network/networkSecurityGroups",
            "apiVersion": "2020-05-01",
            "name": "[parameters('networkSecurityGroups_NSG_172161024_ACADEMIA4MS_name')]",
            "location": "eastus",
            "tags": {
                "Projeto": "Academia4ms",
                "ambiente": "poc"
            },
            "properties": {
                "securityRules": []
            }
        }
    ]
}