{
    "$schema": "https://schema.management.azure.com/schemas/2019-04-01/deploymentTemplate.json#",
    "contentVersion": "1.0.0.0",
    "parameters": {
        "virtualNetworks_VNET_172160016_academia4ms_name": {
            "defaultValue": "VNET-172160016-academia4ms",
            "type": "String"
        },
        "networkSecurityGroups_NSG_172161024_ACADEMIA4MS_externalid": {
            "defaultValue": "/subscriptions/14e2210b-d070-49fa-be93-902a2ec39d04/resourceGroups/RG-POC-ACADEMIA4MS-EASTUS/providers/Microsoft.Network/networkSecurityGroups/NSG-172161024-ACADEMIA4MS",
            "type": "String"
        }
    },
    "variables": {},
    "resources": [
        {
            "type": "Microsoft.Network/virtualNetworks",
            "apiVersion": "2020-05-01",
            "name": "[parameters('virtualNetworks_VNET_172160016_academia4ms_name')]",
            "location": "eastus",
            "tags": {
                "Projeto": "Academia4ms",
                "ambiente": "poc"
            },
            "properties": {
                "addressSpace": {
                    "addressPrefixes": [
                        "172.16.0.0/16"
                    ]
                },
                "subnets": [
                    {
                        "name": "SNET-172161024-ACADEMIA4MS",
                        "properties": {
                            "addressPrefix": "172.16.1.0/24",
                            "networkSecurityGroup": {
                                "id": "[parameters('networkSecurityGroups_NSG_172161024_ACADEMIA4MS_externalid')]"
                            },
                            "delegations": [],
                            "privateEndpointNetworkPolicies": "Enabled",
                            "privateLinkServiceNetworkPolicies": "Enabled"
                        }
                    }
                ],
                "virtualNetworkPeerings": [],
                "enableDdosProtection": false
            }
        },
        {
            "type": "Microsoft.Network/virtualNetworks/subnets",
            "apiVersion": "2020-05-01",
            "name": "[concat(parameters('virtualNetworks_VNET_172160016_academia4ms_name'), '/SNET-172161024-ACADEMIA4MS')]",
            "dependsOn": [
                "[resourceId('Microsoft.Network/virtualNetworks', parameters('virtualNetworks_VNET_172160016_academia4ms_name'))]"
            ],
            "properties": {
                "addressPrefix": "172.16.1.0/24",
                "networkSecurityGroup": {
                    "id": "[parameters('networkSecurityGroups_NSG_172161024_ACADEMIA4MS_externalid')]"
                },
                "delegations": [],
                "privateEndpointNetworkPolicies": "Enabled",
                "privateLinkServiceNetworkPolicies": "Enabled"
            }
        }
    ]
}