{
    "$schema": "https://schema.management.azure.com/schemas/2015-01-01/deploymentParameters.json#",
    "contentVersion": "1.0.0.0",
    "parameters": {
        "extensions_Microsoft_Insights_VMDiagnosticsSettings_xmlCfg": {
            "value": null
        },
        "extensions_Microsoft_Insights_VMDiagnosticsSettings_storageAccountName": {
            "value": null
        },
        "extensions_Microsoft_Insights_VMDiagnosticsSettings_storageAccountKey": {
            "value": null
        },
        "extensions_Microsoft_Insights_VMDiagnosticsSettings_storageAccountEndPoint": {
            "value": null
        },
        "virtualMachines_VM_VM01_POC_ACADEMIA4MS_name": {
            "value": null
        },
        "disks_VM_VM01_POC_ACADEMIA4MS_disk1_5a8b5618b71a46b2b37f292272412711_externalid": {
            "value": null
        },
        "disks_VM_VM01_POC_ACADEMIA4MS_DataDisk_0_externalid": {
            "value": null
        },
        "networkInterfaces_NIC_VM01_ACADEMIA4MS_externalid": {
            "value": null
        }
    }
}