{
    "$schema": "https://schema.management.azure.com/schemas/2019-04-01/deploymentTemplate.json#",
    "contentVersion": "1.0.0.0",
    "parameters": {
        "extensions_Microsoft_Insights_VMDiagnosticsSettings_xmlCfg": {
            "type": "SecureString"
        },
        "extensions_Microsoft_Insights_VMDiagnosticsSettings_storageAccountName": {
            "type": "SecureString"
        },
        "extensions_Microsoft_Insights_VMDiagnosticsSettings_storageAccountKey": {
            "type": "SecureString"
        },
        "extensions_Microsoft_Insights_VMDiagnosticsSettings_storageAccountEndPoint": {
            "type": "SecureString"
        },
        "virtualMachines_VM_VM01_POC_ACADEMIA4MS_name": {
            "defaultValue": "VM-VM01-POC-ACADEMIA4MS",
            "type": "String"
        },
        "disks_VM_VM01_POC_ACADEMIA4MS_disk1_5a8b5618b71a46b2b37f292272412711_externalid": {
            "defaultValue": "/subscriptions/14e2210b-d070-49fa-be93-902a2ec39d04/resourceGroups/RG-POC-ACADEMIA4MS-EASTUS/providers/Microsoft.Compute/disks/VM-VM01-POC-ACADEMIA4MS_disk1_5a8b5618b71a46b2b37f292272412711",
            "type": "String"
        },
        "disks_VM_VM01_POC_ACADEMIA4MS_DataDisk_0_externalid": {
            "defaultValue": "/subscriptions/14e2210b-d070-49fa-be93-902a2ec39d04/resourceGroups/RG-POC-ACADEMIA4MS-EASTUS/providers/Microsoft.Compute/disks/VM-VM01-POC-ACADEMIA4MS_DataDisk_0",
            "type": "String"
        },
        "networkInterfaces_NIC_VM01_ACADEMIA4MS_externalid": {
            "defaultValue": "/subscriptions/14e2210b-d070-49fa-be93-902a2ec39d04/resourceGroups/RG-POC-ACADEMIA4MS-EASTUS/providers/Microsoft.Network/networkInterfaces/NIC-VM01-ACADEMIA4MS",
            "type": "String"
        }
    },
    "variables": {},
    "resources": [
        {
            "type": "Microsoft.Compute/virtualMachines",
            "apiVersion": "2019-07-01",
            "name": "[parameters('virtualMachines_VM_VM01_POC_ACADEMIA4MS_name')]",
            "location": "eastus",
            "tags": {
                "Projeto": "Academia4ms",
                "ambiente": "poc"
            },
            "properties": {
                "hardwareProfile": {
                    "vmSize": "Standard_B2ms"
                },
                "storageProfile": {
                    "imageReference": {
                        "publisher": "MicrosoftWindowsServer",
                        "offer": "WindowsServer",
                        "sku": "2019-Datacenter",
                        "version": "latest"
                    },
                    "osDisk": {
                        "osType": "Windows",
                        "name": "[concat(parameters('virtualMachines_VM_VM01_POC_ACADEMIA4MS_name'), '_disk1_5a8b5618b71a46b2b37f292272412711')]",
                        "createOption": "FromImage",
                        "caching": "ReadWrite",
                        "managedDisk": {
                            "id": "[parameters('disks_VM_VM01_POC_ACADEMIA4MS_disk1_5a8b5618b71a46b2b37f292272412711_externalid')]"
                        }
                    },
                    "dataDisks": [
                        {
                            "lun": 0,
                            "name": "[concat(parameters('virtualMachines_VM_VM01_POC_ACADEMIA4MS_name'), '_DataDisk_0')]",
                            "createOption": "Attach",
                            "caching": "None",
                            "writeAcceleratorEnabled": false,
                            "managedDisk": {
                                "id": "[parameters('disks_VM_VM01_POC_ACADEMIA4MS_DataDisk_0_externalid')]"
                            },
                            "toBeDetached": false
                        }
                    ]
                },
                "osProfile": {
                    "computerName": "VM-VM01-POC-ACA",
                    "adminUsername": "adminrodrigo",
                    "windowsConfiguration": {
                        "provisionVMAgent": true,
                        "enableAutomaticUpdates": true
                    },
                    "secrets": [],
                    "allowExtensionOperations": true,
                    "requireGuestProvisionSignal": true
                },
                "networkProfile": {
                    "networkInterfaces": [
                        {
                            "id": "[parameters('networkInterfaces_NIC_VM01_ACADEMIA4MS_externalid')]",
                            "properties": {
                                "primary": true
                            }
                        }
                    ]
                },
                "diagnosticsProfile": {
                    "bootDiagnostics": {
                        "enabled": true
                    }
                },
                "licenseType": "Windows_Server"
            }
        },
        {
            "type": "Microsoft.Compute/virtualMachines/extensions",
            "apiVersion": "2019-07-01",
            "name": "[concat(parameters('virtualMachines_VM_VM01_POC_ACADEMIA4MS_name'), '/Microsoft.Insights.VMDiagnosticsSettings')]",
            "location": "eastus",
            "dependsOn": [
                "[resourceId('Microsoft.Compute/virtualMachines', parameters('virtualMachines_VM_VM01_POC_ACADEMIA4MS_name'))]"
            ],
            "tags": {
                "Projeto": "Academia4ms",
                "ambiente": "poc"
            },
            "properties": {
                "autoUpgradeMinorVersion": true,
                "publisher": "Microsoft.Azure.Diagnostics",
                "type": "IaaSDiagnostics",
                "typeHandlerVersion": "1.5",
                "settings": {
                    "StorageAccount": "diagstgacademia4ms",
                    "xmlCfg": "[parameters('extensions_Microsoft_Insights_VMDiagnosticsSettings_xmlCfg')]"
                },
                "protectedSettings": {
                    "storageAccountName": "[parameters('extensions_Microsoft_Insights_VMDiagnosticsSettings_storageAccountName')]",
                    "storageAccountKey": "[parameters('extensions_Microsoft_Insights_VMDiagnosticsSettings_storageAccountKey')]",
                    "storageAccountEndPoint": "[parameters('extensions_Microsoft_Insights_VMDiagnosticsSettings_storageAccountEndPoint')]"
                }
            }
        }
    ]
}