{
    "$schema": "https://schema.management.azure.com/schemas/2019-04-01/deploymentTemplate.json#",
    "contentVersion": "1.0.0.0",
    "parameters": {
        "networkInterfaces_NIC_VM01_ACADEMIA4MS_name": {
            "defaultValue": "NIC-VM01-ACADEMIA4MS",
            "type": "String"
        },
        "publicIPAddresses_PIP_VM01_ACADEMIA4MS_externalid": {
            "defaultValue": "/subscriptions/14e2210b-d070-49fa-be93-902a2ec39d04/resourceGroups/RG-POC-ACADEMIA4MS-EASTUS/providers/Microsoft.Network/publicIPAddresses/PIP-VM01-ACADEMIA4MS",
            "type": "String"
        },
        "virtualNetworks_VNET_172160016_academia4ms_externalid": {
            "defaultValue": "/subscriptions/14e2210b-d070-49fa-be93-902a2ec39d04/resourceGroups/RG-POC-ACADEMIA4MS-EASTUS/providers/Microsoft.Network/virtualNetworks/VNET-172160016-academia4ms",
            "type": "String"
        }
    },
    "variables": {},
    "resources": [
        {
            "type": "Microsoft.Network/networkInterfaces",
            "apiVersion": "2020-05-01",
            "name": "[parameters('networkInterfaces_NIC_VM01_ACADEMIA4MS_name')]",
            "location": "eastus",
            "tags": {
                "Projeto": "Academia4ms",
                "ambiente": "poc"
            },
            "properties": {
                "ipConfigurations": [
                    {
                        "name": "ipconfig1",
                        "properties": {
                            "privateIPAddress": "172.16.1.4",
                            "privateIPAllocationMethod": "Dynamic",
                            "publicIPAddress": {
                                "id": "[parameters('publicIPAddresses_PIP_VM01_ACADEMIA4MS_externalid')]"
                            },
                            "subnet": {
                                "id": "[concat(parameters('virtualNetworks_VNET_172160016_academia4ms_externalid'), '/subnets/SNET-172161024-ACADEMIA4MS')]"
                            },
                            "primary": true,
                            "privateIPAddressVersion": "IPv4"
                        }
                    }
                ],
                "dnsSettings": {
                    "dnsServers": []
                },
                "enableAcceleratedNetworking": false,
                "enableIPForwarding": false
            }
        }
    ]
}