{
    "$schema": "https://schema.management.azure.com/schemas/2019-04-01/deploymentTemplate.json#",
    "contentVersion": "1.0.0.0",
    "parameters": {
        "virtualMachines_VM_WIN01_RRED_name": {
            "defaultValue": "VM-WIN01-RRED",
            "type": "String"
        },
        "disks_VM_WIN01_RRED_disk1_ad9950850fa74f089770b7ac8f99a65d_externalid": {
            "defaultValue": "/subscriptions/14e2210b-d070-49fa-be93-902a2ec39d04/resourceGroups/RG-DESAFIO02/providers/Microsoft.Compute/disks/VM-WIN01-RRED_disk1_ad9950850fa74f089770b7ac8f99a65d",
            "type": "String"
        },
        "networkInterfaces_vm_win01_rred442_externalid": {
            "defaultValue": "/subscriptions/14e2210b-d070-49fa-be93-902a2ec39d04/resourceGroups/RG-DESAFIO02/providers/Microsoft.Network/networkInterfaces/vm-win01-rred442",
            "type": "String"
        }
    },
    "variables": {},
    "resources": [
        {
            "type": "Microsoft.Compute/virtualMachines",
            "apiVersion": "2019-07-01",
            "name": "[parameters('virtualMachines_VM_WIN01_RRED_name')]",
            "location": "eastus",
            "tags": {
                "Desafio": "Estrela02"
            },
            "properties": {
                "hardwareProfile": {
                    "vmSize": "Standard_DS1_v2"
                },
                "storageProfile": {
                    "imageReference": {
                        "publisher": "MicrosoftWindowsServer",
                        "offer": "WindowsServer",
                        "sku": "2019-Datacenter",
                        "version": "latest"
                    },
                    "osDisk": {
                        "osType": "Windows",
                        "name": "[concat(parameters('virtualMachines_VM_WIN01_RRED_name'), '_disk1_ad9950850fa74f089770b7ac8f99a65d')]",
                        "createOption": "FromImage",
                        "caching": "ReadWrite",
                        "managedDisk": {
                            "storageAccountType": "StandardSSD_LRS",
                            "id": "[parameters('disks_VM_WIN01_RRED_disk1_ad9950850fa74f089770b7ac8f99a65d_externalid')]"
                        },
                        "diskSizeGB": 127
                    },
                    "dataDisks": []
                },
                "osProfile": {
                    "computerName": "[parameters('virtualMachines_VM_WIN01_RRED_name')]",
                    "adminUsername": "adminrodrigo",
                    "windowsConfiguration": {
                        "provisionVMAgent": true,
                        "enableAutomaticUpdates": true
                    },
                    "secrets": [],
                    "allowExtensionOperations": true,
                    "requireGuestProvisionSignal": true
                },
                "networkProfile": {
                    "networkInterfaces": [
                        {
                            "id": "[parameters('networkInterfaces_vm_win01_rred442_externalid')]"
                        }
                    ]
                },
                "licenseType": "Windows_Server"
            }
        }
    ]
}